RF_CF,LGBM_CF,XGB_CF,CNN_CF,LSTM_CF
0.19391946899958915,0.20954088921263167,0.1893161,0.16794531,0.1583222
0.2654561079909091,0.3234342742037984,0.2571106,0.23148175,0.2303637
0.2697609935993081,0.330797362617639,0.28111997,0.23556842,0.2395379
0.3292699737384641,0.3004236791347359,0.37219557,0.26227424,0.24821328
0.3158059504267437,0.29483322146030966,0.34688187,0.2839932,0.27258876
0.453644902451823,0.3927878817144283,0.47052902,0.33076853,0.2976938
0.44214256969203647,0.373858592910927,0.4440872,0.3519516,0.32205695
0.4462062659085271,0.4163151342718043,0.42887044,0.34326082,0.3103398
0.43817026624582206,0.4215353251261326,0.4730461,0.33606058,0.39011544
0.4375234477998325,0.4321955526237974,0.45376238,0.32844782,0.33299452
0.44599621401662126,0.44938691479574994,0.47675803,0.30725098,0.36465263
0.4511330599629143,0.44092647687424685,0.4674964,0.2886007,0.36507422
0.4471580635437269,0.44673795501284813,0.49960056,0.2724921,0.36903986
0.445517369759832,0.41811111348271357,0.4680822,0.26240396,0.3794681
0.44497810192195764,0.4035057052811813,0.44532812,0.22269462,0.37866366
0.4262918990828575,0.40898809933567004,0.4235718,0.20507686,0.31368914
0.42436339381245686,0.36019325844617855,0.38830888,0.18677652,0.29521948
0.40122048901359597,0.37580568977600187,0.40427822,0.20092486,0.26756036
0.43078411462370164,0.40353518510558445,0.4296928,0.2097088,0.30341315
0.41989760306891166,0.3629083286840338,0.4186665,0.2232801,0.3258115
0.4303290021912381,0.36221638457269456,0.38242862,0.21996236,0.35242128
0.431235019285894,0.37163049788826163,0.39966074,0.22612636,0.35971376
0.4311404847138157,0.37975988058663496,0.40405542,0.22834846,0.322627
0.42852308329471994,0.36502343782891866,0.38235545,0.22960651,0.33234304
0.4187222886769408,0.3630344141188338,0.38355568,0.20770381,0.3381978
0.4133811134063096,0.36011069240104904,0.38739482,0.1902075,0.35844845
0.41153844664942824,0.36400098902139716,0.38693082,0.20614822,0.34562075
0.331652581576463,0.2923422348498948,0.3204665,0.20959482,0.31207368
0.24892276873303526,0.270208231007135,0.26133645,0.1942505,0.27532575
0.250546463125037,0.24774181455991923,0.30182916,0.21011414,0.31974754
0.23523253569156985,0.22580899083655176,0.23738264,0.2213039,0.32325345
0.2135874287982153,0.2532177606453533,0.21843693,0.24248,0.37498337
0.20203474305419153,0.2113136044174109,0.19690447,0.20061634,0.31222975
0.168444449605976,0.17989328304690136,0.1552759,0.1557768,0.21080682
0.1123227245346165,0.13095321208174274,0.15760885,0.119764894,0.05980857
0.1353964535902295,0.14475216074787603,0.16201805,0.11283624,0.13478296
0.20344249467590841,0.1661878083492281,0.19743448,0.107126445,0.1837672
0.19452219001314344,0.18643720013246376,0.20672019,0.095555216,0.16345839
0.2026063265677437,0.21204694775973487,0.23803419,0.08261266,0.14606883
0.19988507737837063,0.17889543029168056,0.20690624,0.081033915,0.14389043
0.123049340819125,0.15157123736027514,0.143349,0.07678534,0.075217694
0.11247336271030232,0.12875582247040693,0.12085696,0.10676069,0.092150316
0.13251413095489956,0.1247292452935583,0.11052778,0.11867981,0.111677274
0.1422978700771823,0.1593761000500395,0.10939081,0.1263974,0.09887479
0.1242312193327184,0.15163382373377302,0.15363422,0.1079021,0.07597954
0.12317523730561994,0.16786985042564842,0.18870473,0.08277524,0.06317167
0.10629989048015545,0.14680517231214088,0.17281142,0.051904768,0.051908277
0.0861147115598726,0.08265437126621959,0.06139024,0.044537824,0.042553924
0.04338446784076922,0.04977577613969882,0.062848724,0.03711183,0.037331853
0.04806990419243719,0.04256019658885332,0.029928053,0.03278423,0.030912701
0.04906428446277464,0.0400282409503608,0.027753113,0.034344792,0.030843936
0.04746836135455869,0.03915298775388421,0.031258248,0.037936494,0.029712992
0.046519593313954034,0.044110940527137744,0.039674424,0.041626923,0.028412286
0.04975099257092913,0.050289928713028356,0.05276251,0.054333672,0.029143658
0.05152768148996812,0.04514761131807227,0.060714714,0.059058525,0.032211952
0.04627082993555884,0.03786365735275155,0.034913734,0.055508565,0.038560446
0.05099851230074311,0.049086693326694165,0.047911864,0.09068258,0.055546742
0.05401767162527147,0.05525065871846249,0.04923916,0.045507465,0.028859021
0.0399601843945919,0.036694573849533285,0.04256631,0.02988444,0.026569322
0.03498643162398557,0.02945553751585897,0.035973717,0.029224608,0.0268714
0.04172458662444086,0.041014824193835335,0.050024867,0.03052999,0.029747788
0.04165793554335528,0.05518444652081034,0.074659124,0.044537373,0.031211719
0.0383933790566482,0.040852879616541084,0.040362783,0.032701336,0.028385052
0.030950675002091255,0.04566198050068336,0.032834236,0.026613355,0.024669403
0.021813417704176583,0.03158354392013454,0.018704157,0.024846364,0.021113496
0.024197540339472808,0.020875909020483936,0.0103012435,0.01979965,0.019465882
0.022447949460976217,0.022501352349819388,0.004668203,0.021051485,0.020919312
0.02615465844771314,0.028265244487844194,0.024957614,0.022245564,0.021183666
0.03359988716443242,0.0379346585034358,0.02712743,0.042585954,0.037454665
0.041027274935204534,0.04882810715157614,0.032399904,0.057709444,0.034673676
0.051168674530484376,0.04575457480867895,0.057487097,0.04907105,0.037668142
0.059473298247261726,0.06399238167840327,0.07745105,0.042758595,0.03948388
0.07517181588345753,0.08532543688620937,0.07691885,0.05161791,0.058194455
0.14296943021236272,0.1549519433151332,0.13770746,0.1111062,0.15468842
0.18448497480976248,0.19194611257969557,0.18717581,0.13834286,0.14865018
0.23954802488105068,0.22020485488065647,0.22640602,0.2253265,0.2316859
0.1919103428508048,0.20156363995460042,0.23648582,0.16311762,0.17162395
0.24954888494929378,0.227185047038318,0.22809227,0.17595267,0.18537919
0.2618315346798534,0.3041131182702078,0.27659062,0.22071177,0.2334323
0.21677523555518746,0.2544081491908079,0.28950945,0.17902714,0.20005703
0.2730959040049389,0.27088169076747254,0.26630506,0.2636373,0.25737825
0.20024071812163793,0.15614624519141104,0.2743802,0.14763157,0.18693602
0.2557851371118775,0.19979758151425459,0.30823866,0.17299491,0.19360992
0.2581936648147429,0.2635422443739924,0.2889589,0.22451435,0.27474588
0.32919827333305407,0.34697705260439454,0.36496904,0.25864053,0.33787453
0.40826042529785544,0.3612270514637145,0.3914371,0.3524676,0.3585922
0.4156381613794349,0.41489135747156913,0.38477302,0.35080582,0.4100392
0.4494445659087461,0.45678470969117424,0.44923654,0.38716286,0.43904486
0.44649475063827654,0.43505966946418156,0.4396134,0.36334366,0.42201865
0.5125283694884589,0.50988926642289,0.5133057,0.46912742,0.4404199
0.5656813864008342,0.5474158197926521,0.57757014,0.45389056,0.44813895
0.5793645854529976,0.5484505888377966,0.5751431,0.4731717,0.48524058
0.5829423332938926,0.5468220535167875,0.5675615,0.51554507,0.49147788
0.5761560975051458,0.5534449943360993,0.605205,0.5520393,0.49117324
0.5675812016909404,0.540853671981511,0.57452065,0.5787764,0.49390873
0.51562019700556,0.5125148129912648,0.40754282,0.546347,0.4854226
0.45346556728289167,0.4710188213689861,0.4133062,0.4563675,0.45138747
0.46286146219343655,0.486134770139074,0.43597576,0.43143576,0.4825604
0.45414026921987455,0.4940666835614541,0.45486638,0.42385638,0.4461951
0.4628288098961374,0.4503113431070031,0.42690605,0.42227644,0.4701752
0.4293728284749578,0.4401322235253627,0.42544252,0.38162816,0.46249247
0.3687779069843769,0.3605145453336213,0.35597602,0.24631523,0.3929966
0.35062036840206895,0.3166534836966073,0.35260034,0.19710231,0.3336857
0.34274864009072625,0.3337140713858641,0.34155342,0.20622422,0.33345792
0.3297136410357914,0.33905237722066534,0.36565027,0.21270685,0.31153786
0.32890440265735843,0.3549551736436449,0.3590255,0.2115346,0.31637782
0.34135603644198365,0.3361188426151763,0.36170578,0.18116668,0.26530108
0.3119284059670223,0.31669050507342617,0.3586405,0.17482823,0.22108388
0.3352066326577842,0.311801032805849,0.3319548,0.15586948,0.27750057
0.37017404516014696,0.32235676232600063,0.33724806,0.15536948,0.2890969
0.3642557321192064,0.33254515135016666,0.33124283,0.19809107,0.30789405
0.3654197696868527,0.3399502163061531,0.3294465,0.23060945,0.2928659
0.38053290232300896,0.3423806714127718,0.3190028,0.20075276,0.2734753
0.3868164498234334,0.353866744308452,0.38430697,0.18143296,0.32458085
0.39043412239124514,0.3682986409544135,0.39491293,0.20379032,0.35476685
0.4010838206352081,0.394034166214357,0.40544492,0.25508288,0.38572252
0.3999738108378359,0.4110696378499802,0.42100832,0.24813868,0.36773294
0.4029354078650628,0.4251365924174472,0.42286524,0.2520256,0.3692462
0.40446249185165284,0.436181530161155,0.45230713,0.22252668,0.3546356
0.4200704582716265,0.4346399496353683,0.42754117,0.27369106,0.33721578
0.42783278455593465,0.44961779789695483,0.44094333,0.22107108,0.34949118
0.4271297502991302,0.4013802618992728,0.37528726,0.18956771,0.34095892
0.41309986604142596,0.38518319921862965,0.35647884,0.20684303,0.2763924
0.3821613094177135,0.3938098421211991,0.38099328,0.29006112,0.30595428
0.3795886786742964,0.3614756346505321,0.3848436,0.2408314,0.33259845
0.35416533069960576,0.37689473992520095,0.40461585,0.29477614,0.3383441
0.43376961178606555,0.40888365270115745,0.40251744,0.3203724,0.36200783
0.46379121111241794,0.4739697930917227,0.49745098,0.45427513,0.43415517
0.4784865963161139,0.5120189570934265,0.50653267,0.49488366,0.43869948
0.4679304788829682,0.4733198475803991,0.5096305,0.5484532,0.40817505
0.4773934175998239,0.49467995197982106,0.5354903,0.522149,0.44600296
0.48787362685728874,0.5248443025127871,0.5396322,0.5459159,0.45586187
0.42614849827203705,0.4759554358927223,0.46242312,0.53155375,0.43391526
0.40803808671675945,0.3928439195811084,0.39070082,0.44341487,0.43862644
0.4247811412449177,0.40852105621087975,0.35806254,0.3557611,0.45868674
0.4282281466505558,0.3721582974827084,0.36378303,0.32041478,0.409573
0.3816486346879493,0.29175712093318684,0.36282623,0.13501653,0.24354933
0.2010332937297995,0.18942239195771088,0.26008636,0.08412656,0.07685909
0.11921926000805541,0.09650739764484544,0.17323914,0.05604596,0.033954304
0.05389833926039854,0.038431635655923314,0.0507056,0.047721904,0.025021449
0.07667483142409964,0.0692692056333677,0.06773634,0.050689355,0.025397193
0.08714713007345588,0.0602863741655706,0.06816697,0.05456161,0.03172069
0.08273166426234674,0.06189849879124774,0.07860251,0.05575241,0.032067765
0.07980086811350005,0.07073379413029074,0.06005207,0.052715402,0.042400658
0.0790104805458791,0.07846901889270762,0.06581328,0.06669449,0.05128204
0.07758976899172901,0.06982424414294783,0.039615244,0.07706737,0.05237571
0.07679264899167515,0.0782294259300944,0.049404018,0.07217567,0.046815157
0.06547442020712664,0.08807052851767996,0.05605429,0.10221104,0.050091323
0.0888076845330275,0.10827152869454144,0.101252474,0.12290237,0.05691945
0.07433733088340114,0.09293117151847087,0.07714403,0.089902595,0.05533435
0.09771906872281884,0.1322689819771007,0.087155536,0.13199778,0.08497892
0.10949341980469555,0.10915513846105404,0.08990714,0.14010543,0.056393027
0.07089032547776282,0.06138401817070391,0.041152142,0.07685525,0.045925707
0.0749227158834407,0.08550769138962451,0.07139641,0.09740627,0.056227043
0.07162315074808262,0.07214996855378937,0.0749513,0.06583437,0.054831535
0.07934676554590181,0.09386031359717963,0.07322383,0.054706167,0.061281223
0.08198369101905296,0.09958585506461808,0.08332058,0.03967832,0.057379007
0.08367168014078867,0.08318801451972734,0.06693168,0.030396435,0.038802844
0.08656746764098426,0.09244177559237704,0.10253305,0.0461336,0.04382164
0.1638189319029607,0.17053842839960273,0.17399307,0.10933735,0.09346296
0.21218624129812075,0.21842717188557406,0.19793643,0.26169914,0.17556697
0.23599750832675656,0.2123835173107903,0.19111085,0.32323194,0.18241736
0.22080998231221696,0.23559835693591466,0.24649538,0.31247687,0.18381578
0.22143037596090745,0.25586265050802975,0.2440605,0.35233104,0.19582841
0.24492757501654927,0.26110625717535685,0.2944949,0.38947642,0.24642286
0.24730345042211507,0.2879531285238686,0.23074944,0.337965,0.21595502
0.3077830790072825,0.31604693382991256,0.26852244,0.40770513,0.23056588
0.31916880042697093,0.31066382441724805,0.2709962,0.45731264,0.2321862
0.4186354402985563,0.4069461305523536,0.3779577,0.46225715,0.23998164
0.44293278894884663,0.4298383744324958,0.42131522,0.4843287,0.32072106
0.4514713646926669,0.41653847763989527,0.4485732,0.37404644,0.40386897
0.4505870596926072,0.4388363715541957,0.43066722,0.32800806,0.39699382
0.31206608421027476,0.35861264916649643,0.3594415,0.26373082,0.4038622
0.30446331657462605,0.3611453480213491,0.35588738,0.28929126,0.3736264
0.3377588977930918,0.34181785832876627,0.38063878,0.33242112,0.33289343
0.3611604963081866,0.3456507960970807,0.35295004,0.21284176,0.3896166
0.4111654698926462,0.34087066751491973,0.32972476,0.18803751,0.38227564
0.4060245844868934,0.3418780519748276,0.34716362,0.16988052,0.3782277
0.40304480989209757,0.34987838116053604,0.34668386,0.16811168,0.37277347
0.4178615471903958,0.3626267148862362,0.39493805,0.17483692,0.35904354
0.4014419860406379,0.3467395543341785,0.3582672,0.20056586,0.38297254
0.3813938121203645,0.3564463820393888,0.4069668,0.19052032,0.31449538
0.3720486909710843,0.34176081434612343,0.40263534,0.16994937,0.30736175
0.3388384433337054,0.3293070515612912,0.36352423,0.15284729,0.2662249
0.3160462982645978,0.3050229869421891,0.3088092,0.14878073,0.22773774
0.3181458073187936,0.3063315283922949,0.2921024,0.18734892,0.2825451
0.29072713468180583,0.25059377306224456,0.27881363,0.20903975,0.23619314
0.23826650636745042,0.2175111883175078,0.21243912,0.21861,0.20396517
0.1756744087956537,0.21107713117731097,0.18724947,0.18276355,0.17088185
0.1210849853460193,0.1155262589802262,0.12906624,0.103752926,0.07528572
0.10798114716945824,0.09595370522636092,0.08298748,0.1035035,0.084128395
0.1214673875082073,0.11555636372216034,0.10771651,0.09123017,0.07164815
0.09835814487151068,0.06368065463765202,0.10836431,0.055617698,0.05614812
0.05238421520624219,0.05083361244276492,0.042646382,0.048304286,0.030826004
0.04355900615159183,0.045318560799590554,0.05639842,0.037532248,0.026486902
0.03183666311025923,0.032005477882357636,0.04353008,0.02289334,0.020086545
0.029437224191178193,0.03534707973550797,0.03931739,0.022497158,0.01958194
0.033757594394172814,0.037992671973620246,0.04225416,0.03191578,0.021736208
0.03669091520518182,0.036393935228393584,0.031849526,0.032597862,0.025214728
0.03277263952924139,0.03257972363751522,0.0295832,0.029930945,0.023927338
0.04035487324596994,0.031698540700086736,0.030038755,0.036205612,0.026844919
0.06681855034235261,0.05684197863675809,0.056237873,0.047271572,0.03026023
0.07557391041051173,0.06007039178095812,0.06716268,0.050559767,0.03414433
0.07301928892385262,0.0644557484462105,0.055756878,0.052571774,0.034913957
0.07372619432930583,0.06015603265250663,0.052019935,0.048496965,0.03551407
0.07374319372119889,0.05624011645137327,0.028300969,0.04908474,0.03274909
0.07134156676157714,0.06443193153415945,0.058057547,0.043610193,0.02819546
0.06419593128812134,0.057974270224017195,0.06030584,0.03955535,0.029249135
0.05773885534173912,0.05184732186522294,0.06436426,0.027540926,0.030099098
0.035179315813187784,0.03491354587597175,0.04056686,0.025277868,0.025540086
0.03400686270500045,0.03924546241228063,0.05146855,0.031005297,0.022628423
0.02902721905601534,0.03328040068364974,0.047106367,0.022548998,0.020440392
0.029882069664181207,0.0253629688448554,0.044011284,0.013319522,0.01786102
0.03050078020476356,0.021272040961372318,0.043262683,0.004257258,0.016443528
0.030655457839909143,0.022540682722522184,0.045628093,0.0032164976,0.015425559
0.03071655466423759,0.023062362807636686,0.02481791,0.00639046,0.016225513
0.029135611218184834,0.02264699974782896,0.040672757,0.015700154,0.017942283
0.029472401150640017,0.022141867975182545,0.040960874,0.014431953,0.018490348
0.030042301556083922,0.027578288434463964,0.045733284,0.016680133,0.019114688
0.03430039675907434,0.029183086524297557,0.0407058,0.018815517,0.021635227
0.03260416040760837,0.02881912984127415,0.039195813,0.016199261,0.021651983
0.033192575002242736,0.028510840185359685,0.03804324,0.01762522,0.02212142
0.03649483311057396,0.025230544006781024,0.037850864,0.02272895,0.023502786
0.03472857946180596,0.028463714356219114,0.029850615,0.019849926,0.021858212
0.03320132716440547,0.026589288439947813,0.031432915,0.018792849,0.019557018
0.03308367790764077,0.024104225075907412,0.034875095,0.019113459,0.020734418
0.03112319358318398,0.02639651973295005,0.031075377,0.02234107,0.022820648
0.029193510137107657,0.0319372027437133,0.034624558,0.024863396,0.023410164
0.02537386459630904,0.026459449420057683,0.03047693,0.028079074,0.023255728
0.021746598312280176,0.025293057789482466,0.024385607,0.025261046,0.021434845
0.022938912096144515,0.020601131389082494,0.01826698,0.019622833,0.019654173
0.022784739393431386,0.02265067487112546,0.020385345,0.016131647,0.017503653
0.025446238244962567,0.02002877182499151,0.021177996,0.012883741,0.01731595
0.02532471783954896,0.026395538182016676,0.026026707,0.013500303,0.01786153
0.026023880947704317,0.022963936222241108,0.027441699,0.017225157,0.01899556
0.0288819668262758,0.02769628629273196,0.036061022,0.018227063,0.019322727
0.06086421878789622,0.036721961427497986,0.070550375,0.02134332,0.021787636
0.0800183256810823,0.0574947576791412,0.07757257,0.023454951,0.02258791
0.07294405399141511,0.0579783055021326,0.08201437,0.03047946,0.027873192
0.07831384209988602,0.06522171139013018,0.07701213,0.035892963,0.03265876
0.10273489919613076,0.10534309453760163,0.12043969,0.041962974,0.048470326
0.10102200007439338,0.11343758589248747,0.14551485,0.082197145,0.06709103
0.19343372399955633,0.15483265848084754,0.21206756,0.20888072,0.1580823
0.21749156636604675,0.17135424829544554,0.27163675,0.37740552,0.20419295
0.2622799146798839,0.31247289309167287,0.2768205,0.4782244,0.27435744
0.32328618779211404,0.3526270949344705,0.30127886,0.47692394,0.2887311
0.44461348460211325,0.4584558430903144,0.46241367,0.41692394,0.2610695
0.47523298003211,0.4635099016696432,0.44230568,0.4384833,0.2794212
0.4432016935209368,0.41101875909727925,0.36830842,0.42013365,0.28242576
0.41504486577128696,0.3816755831371056,0.3914359,0.45075953,0.34367007
0.438015083678244,0.40802785450704354,0.42116684,0.40237522,0.38311222
0.4704012815858379,0.4432877210827967,0.4628183,0.30396622,0.41794604
0.44745833003023355,0.4313780578703398,0.43912652,0.3246988,0.4400724
0.4496763298952481,0.43578361730304965,0.463214,0.31520563,0.44409508
0.4370622761781796,0.41225008524936724,0.42622867,0.2596683,0.4257615
0.3347515202253211,0.34971162981576237,0.38617402,0.20840208,0.32649472
0.3282720589410995,0.3428580984116511,0.31405556,0.18810414,0.33163646
0.4209343976635767,0.3881388654155132,0.3920431,0.18158765,0.36986527
0.4247106190151829,0.37483197681472896,0.41298267,0.20704265,0.3830615
0.43286039678600424,0.4174787597235546,0.37924033,0.26648208,0.35256428
0.39033109513617104,0.39022675894762565,0.38381305,0.2948007,0.32791886
0.3900914415804116,0.3497817154225376,0.3684743,0.25716108,0.3169799
0.2992349095472458,0.2951888301132015,0.27529216,0.22848673,0.30002868
0.27097569272101185,0.28682435891635377,0.30776083,0.23706432,0.2848698
0.241703918056872,0.2817721651189288,0.27026057,0.22578244,0.2817721
0.17167029460619393,0.18710673888759569,0.15132938,0.1281732,0.17768025
0.12565378230578741,0.10900776738398796,0.10765949,0.09005279,0.13030602
0.10458093216922842,0.08780339450585396,0.07970949,0.07914558,0.06940512
0.08688692155992482,0.07903538938710304,0.073472664,0.081575565,0.05504076
0.08960227987091902,0.10659631099628379,0.08830609,0.10343955,0.06109237
0.15586893906458577,0.16890011575692968,0.14843093,0.10707247,0.14951022
0.1582996837944797,0.18764291921724546,0.19333073,0.118130565,0.114757106
0.16151442028118343,0.15937900095276808,0.1855119,0.12867472,0.06000048
0.09735837865522688,0.09896588824283717,0.10866527,0.072907545,0.053095713
0.09502929365506954,0.0650905656656064,0.052787,0.07369674,0.05021154
0.12714383791399622,0.10199312050634889,0.1715078,0.0723148,0.05139032
0.0907380412223471,0.07910527811499556,0.067204095,0.06791063,0.051187646
0.08296241838398387,0.0860166102420282,0.06978411,0.058401167,0.049636982
0.08328624838400579,0.06888170950190557,0.07039913,0.053931717,0.045588337
0.07116080095075414,0.062347428381155055,0.07742755,0.050723758,0.03289434
0.0433213512867109,0.036232247421701065,0.048560582,0.044801757,0.027564611
0.04051779811084579,0.04252743688288779,0.04663859,0.042119548,0.02446144
0.04178753486768836,0.03619000958224596,0.04795867,0.041133147,0.026453363
0.04207265338122114,0.03738605809556738,0.038668547,0.037315357,0.028500643
0.04213745304338766,0.033567280340327896,0.04011872,0.033688884,0.029454252
0.04275246074613194,0.04527854780913771,0.045529876,0.03476073,0.030420009
0.04070765270545323,0.03824363726161803,0.04172982,0.032120373,0.028897591
0.04020255196217585,0.03575323850024974,0.037597787,0.030294232,0.027763514
0.04032642871894097,0.038742003054417,0.041504018,0.03085063,0.027162708
0.0331915651373778,0.028526030267610962,0.03266158,0.024211539,0.023867307
0.029389592231715493,0.026499266228437953,0.034079265,0.01826644,0.019998282
0.030668417772342443,0.026173899034736735,0.02735364,0.017436847,0.020641193
0.030433960812867148,0.023357262540568566,0.030509263,0.016171895,0.021032859
0.031163083245348847,0.023357262540568566,0.030933693,0.016255368,0.021561183
0.03550533385375034,0.02795108271841495,0.032004885,0.02173847,0.024531793
0.03948134013780277,0.03242651011528941,0.036800925,0.025003256,0.024901181
0.031033147299394104,0.02763653827919943,0.031442948,0.018945415,0.020526681
0.032514114123818494,0.02888358975554762,0.031701762,0.017452683,0.019720148
0.03633763081326603,0.031949063288606736,0.03057126,0.02160304,0.021291867
0.033525325475238184,0.028423166836259867,0.03709211,0.020536393,0.021740817
0.033437467231988996,0.033681277874123124,0.03896207,0.023110125,0.021901391
0.028431735407326464,0.02419384427562967,0.02847256,0.01752505,0.019583996
0.030219701150690493,0.029554693325870216,0.041289207,0.014127187,0.018974092
0.025836719326070044,0.019005867413885803,0.02239625,0.0038551465,0.015714027
0.02613917385311751,0.023221357077444705,0.023166865,0.010460798,0.017032992
0.03254087554273923,0.03287849264968013,0.0394833,0.023126222,0.019082535
0.039703173786466414,0.028774211132290596,0.04205448,0.041651137,0.022987988
0.0317356766237659,0.02883788439886704,0.046602488,0.027120657,0.01867852
0.02940861135333839,0.02698621100134423,0.035043668,0.01765028,0.018140517
0.03226316270488263,0.0327023284213505,0.039972775,0.018225908,0.020288859
0.03832639135394096,0.030634689370211986,0.028855352,0.019508261,0.02214582
0.03895957662425402,0.029408044918775533,0.035734586,0.02299995,0.025820583
0.04022897675947495,0.04032681040260959,0.039755933,0.027486268,0.02695898
0.044084809124600305,0.03544934148882453,0.030277869,0.029905455,0.029314833
0.04378891871917492,0.03221852908664532,0.030324483,0.028622728,0.030014107
0.040590003448688516,0.04268422053318722,0.042942774,0.02748248,0.029431552
0.04113448892169828,0.03922532075292316,0.04138038,0.02896313,0.029045343
0.0441462425705504,0.04725693378027687,0.040147707,0.032955796,0.030980438
0.04809717054379033,0.053282238721554354,0.060827598,0.034899004,0.03295663
0.044298058921912006,0.05187695001248258,0.033260904,0.030904438,0.03268741
0.039173163043187374,0.03203046299415417,0.031766396,0.026756646,0.028593527
0.039477973921586355,0.03139792573849932,0.036606062,0.024780162,0.027015656
0.03991995811080542,0.036378181474091865,0.036214817,0.026474092,0.027159791
0.04194002446229326,0.03727748190146474,0.03376407,0.0295371,0.028315602
0.04079096655681021,0.0398255460269006,0.041509625,0.029687848,0.02876377
0.039035484799934836,0.03650688048298738,0.032897457,0.028047726,0.024799623
0.030880826015600053,0.02896661075599599,0.030272633,0.029594788,0.022812562
0.026934779055873968,0.02318656998924206,0.030042404,0.02559375,0.020682145
0.027936060069455135,0.030104944824434394,0.032034468,0.025780762,0.022182487
0.02862781750193431,0.031775305824616365,0.034185827,0.025018837,0.023138016
0.03531244966454812,0.033374441256991724,0.03219466,0.026850024,0.022658374
0.03535149777265887,0.03334121136854886,0.02954318,0.026406161,0.023692021
0.032715582164372675,0.0305811462741372,0.026225034,0.023822855,0.023707796
0.032745036556266566,0.03268276947537987,0.03226806,0.022268318,0.024169791
0.02841204304246027,0.028926523887990142,0.025126077,0.01978093,0.024284206
0.027360268785632438,0.03076003476652343,0.021586282,0.020737953,0.025219306
0.025812145947690004,0.025546727505920037,0.028716475,0.025619509,0.025475308
0.024302397974615027,0.030961779794911198,0.02258554,0.03448555,0.025164522
0.02450538081246658,0.02739723398240146,0.015385521,0.035406023,0.024444308
0.02984840750201678,0.02833828771882259,0.022956347,0.032705516,0.024150979
0.03409034486716826,0.023163523700722208,0.018568605,0.04081293,0.0265766
0.050241450273664966,0.037749268077644386,0.04890106,0.04687615,0.029287547
0.0349048008807368,0.019256573457415063,0.020163424,0.03295972,0.026209295
0.030965991285876075,0.021799753565908724,0.034780987,0.03309589,0.025242692
0.02812827101541407,0.01898659526622065,0.028472923,0.03227515,0.024487708
0.020174070406768534,0.019323962864765013,0.023666404,0.02288875,0.024600377
0.02189790973120931,0.025006798493390714,0.021649329,0.02881231,0.023472209
0.020397923785162028,0.030070744409379145,0.02488584,0.031395126,0.027019933
0.02041694290678494,0.03324872669409994,0.029974954,0.020100191,0.022956545
0.01972821506890057,0.020252896042830777,0.017445251,0.013399206,0.018809713
0.014263667973936736,0.017737408734893975,0.016361082,0.007446125,0.016779136
0.011135106622373991,0.015352477176658616,0.006122696,0.0040991455,0.01581847
0.009870587500666933,0.01735555703960071,0.010113422,0.01028192,0.016540121
0.019726868582413973,0.0138427765143659,0.019080427,0.015807431,0.018278148
0.04305592513804432,0.038648921025280725,0.04135609,0.03532671,0.027692124
0.08866192737085549,0.0613257116362259,0.051552348,0.07547695,0.04738926
0.14925752210467955,0.1275194151058535,0.12826559,0.13021457,0.067826144
0.16359373203808064,0.12686396576193043,0.12866266,0.14717859,0.13752308
0.16392597757864366,0.14433226296603052,0.128772,0.20079197,0.181087
0.15323925095629995,0.20423449331817262,0.13869028,0.2396239,0.19465879
0.16189749568661463,0.1914904250902085,0.18465386,0.24476513,0.21710782
0.26204444785554354,0.3016205594619379,0.2982655,0.3222301,0.26871017
0.29121287968183873,0.28835864460471805,0.30739516,0.31884587,0.3042385
0.3267193917112648,0.32642727931653437,0.30997851,0.22793734,0.2960587
0.32649082563016835,0.32046659963732993,0.3233314,0.21592177,0.31683207
0.3480298967127047,0.345850882056399,0.33436915,0.17212169,0.279487
0.3870074825937168,0.35786215917413533,0.3474516,0.23526956,0.32057345
0.3180653547512206,0.31773225560989565,0.37639862,0.24259423,0.26816812
0.23869149116477653,0.2381265789974981,0.23845047,0.18660863,0.21464185
0.22064739406896275,0.22252858346870047,0.21631253,0.15420835,0.2307004
0.2136370804874079,0.17213216019844152,0.2030546,0.17908233,0.2959174
0.2657163165044403,0.28734340638582695,0.25043458,0.17713562,0.35985607
0.38598045002607984,0.3611590030988113,0.33771783,0.21804605,0.31234595
0.3834135418502307,0.37980420121079084,0.39415857,0.23292162,0.34255737
0.3570543857673687,0.342751073945264,0.35960102,0.22856374,0.36696592
0.3519084510372911,0.36494638010074876,0.37431833,0.26747203,0.32227075
0.3620311681325697,0.35749159050354407,0.3573309,0.26516163,0.31387198
0.34602127549635286,0.35880451008873543,0.37558395,0.20914106,0.2992941
0.3457346421855226,0.3611912190812259,0.3736191,0.23522423,0.31287828
0.3381773184687957,0.3450359438837805,0.3480508,0.20433009,0.29989466
0.31051038738584535,0.2984727456795199,0.30807796,0.21811175,0.2809687
0.2941342504252795,0.3049501774541196,0.29658544,0.2244196,0.2519235
0.18729307237751985,0.2279977517081991,0.24903813,0.20077203,0.18604685
0.12623378135988067,0.1060096902559847,0.110741585,0.074612714,0.14841342
0.10868889412896551,0.11495056178691059,0.13437977,0.123970866,0.105703145
0.10658534561530981,0.10745075466191949,0.117187805,0.094165236,0.09644832
0.14806066392892303,0.15574570900009474,0.18107374,0.08723749,0.106448516
0.17042109176827164,0.16382220071213283,0.18770023,0.094378196,0.12925205
0.17641699609300107,0.13727813187276944,0.15973215,0.14846188,0.13258767
0.22855598244787534,0.18956723542230913,0.17753011,0.20633818,0.17858903
0.17427069663339662,0.1358210582567597,0.16313979,0.13555668,0.10783553
0.15739635967279708,0.14154907690745314,0.15028271,0.11362673,0.08115119
0.1645682516327411,0.14889263155776897,0.16595049,0.07130094,0.06300032
0.15480437318613552,0.11075028068513838,0.089162685,0.095180005,0.086041026
0.21067985954126214,0.128373965140135,0.15551116,0.13245112,0.124493584
0.2268102627180278,0.21683568018605007,0.14151706,0.17899889,0.17436454
0.2705767960993634,0.2049013195551188,0.15540119,0.2524082,0.31215373
0.27098983082912104,0.2091267728288891,0.15978722,0.24368033,0.2922742
0.285593150019297,0.20559325975939424,0.2062952,0.24881546,0.32297933
0.2994442881959085,0.2364409453529355,0.23123875,0.23305595,0.31755787
0.26421027136920355,0.1802278102361649,0.21264893,0.1633407,0.24598512
0.22633276494772508,0.15732993777824,0.17612849,0.15783755,0.20008439
0.1702208019033933,0.15414518251042866,0.16751038,0.16183713,0.1775171
0.14686851845586948,0.14055528069176268,0.13016205,0.14328656,0.12548263
0.1396604396715987,0.10715127612927426,0.12607226,0.13233258,0.10769364
0.1362598880497473,0.10134996594322729,0.070476785,0.1360493,0.08741385
0.1368767471714106,0.09070065507229377,0.119159795,0.15940955,0.12014361
0.14157531176632265,0.11592591368661297,0.12582254,0.19147433,0.16179474
0.14362769379348836,0.12098964001734508,0.19597866,0.19910134,0.17909454
0.1569277823754681,0.14837605179624686,0.17443916,0.21677679,0.19930069
0.169382445754688,0.1327362891782836,0.19208615,0.21858361,0.20391652
0.17667451163355913,0.13852992868702446,0.19793062,0.1793962,0.18805411
0.16835120541678045,0.15677374816641437,0.2094833,0.18242066,0.18389648
0.16150297514604742,0.17692645479056493,0.19154167,0.16586165,0.15390539
0.13489387750911447,0.10621842387113493,0.1271488,0.13770872,0.079350956
0.08279730547856738,0.07247214841316095,0.07435719,0.09519775,0.05981611
0.04771190709781837,0.027076985720931673,0.035229623,0.046277605,0.03484721
0.04059219148922919,0.017669022967829188,0.04813237,0.04858775,0.02758947
0.04334070702995545,0.029095689592077135,0.03710733,0.066781715,0.029179532
0.041964766151484104,0.042489516296569385,0.045170862,0.062109657,0.03495797
0.04556644919226801,0.048310434593760374,0.05431875,0.07754339,0.039223865
0.05029732946285791,0.06666036735602433,0.060861394,0.069246195,0.04249386
0.06360835824754112,0.0567523730330178,0.0734477,0.06254922,0.040863205
0.05586336797674754,0.04501109732997974,0.054334804,0.047232017,0.033615183
0.0439851691245936,0.03129595126451513,0.03210857,0.037069704,0.030877307
0.06533808845036072,0.04830881982562692,0.056168567,0.041973215,0.03563863
0.05452496040908954,0.03746394626376723,0.041264925,0.04523634,0.031946134
0.035197156759134936,0.03041221833925108,0.036963597,0.03649475,0.026092388
0.037051773583584566,0.03238273574523284,0.040428706,0.03525434,0.024282828
0.03466192838072037,0.029554961109538074,0.028223969,0.02590121,0.026309289
0.031513169731859005,0.03281256163208008,0.025671244,0.022126667,0.02480625
0.028839552501948616,0.029988077660658308,0.021636726,0.023815222,0.024304783
0.025320846690900057,0.02933496150090823,0.024080101,0.026151286,0.025407847
0.024068782569193842,0.029020858711216808,0.01899447,0.023068806,0.024657357
0.02445589743408485,0.029789566994163186,0.01452436,0.02338329,0.02439867
0.027320884055900056,0.03261251947984299,0.030012732,0.022915335,0.024651147
0.02587728223147818,0.026971414310743902,0.025868252,0.023574188,0.02452272
0.026061077636896014,0.03157471636303512,0.021718903,0.024355896,0.025606213
0.03210141601568251,0.032313124520692946,0.036500867,0.026028205,0.02660586
0.0381733968269036,0.038004218311445535,0.042154867,0.028033854,0.027240466
0.051553769665645524,0.038663557264383946,0.0639048,0.033974454,0.02886469
0.05401093919283859,0.05316234569266286,0.029682653,0.041231953,0.036459178
0.028553087501929243,0.03297681746499112,0.043768372,0.02696618,0.025906863
0.023612660271865718,0.029321108775239735,0.029331721,0.018948782,0.021852683
0.04072852324599519,0.03823365275257752,0.03432149,0.021153532,0.022841878
0.11006382514257197,0.10763220017723257,0.07757439,0.028382951,0.028402869
0.11674105162950957,0.10833141505387608,0.10547067,0.03963511,0.04478195
0.11733030777819799,0.1176091857684677,0.13295873,0.09178275,0.1261151
0.18496937332330876,0.17972494589064575,0.14842932,0.24950399,0.1584831
0.2111711587980523,0.18566254068333937,0.22603956,0.280904,0.17326562
0.2114135263656362,0.20566720553410467,0.24172267,0.27936238,0.18200855
0.22710918271804797,0.21766886865950943,0.30269754,0.26390573,0.18458337
0.2628282713015425,0.31441922376308845,0.3103666,0.34556705,0.2358565
0.2748131792077576,0.3135810033187878,0.3065325,0.40181005,0.27442744
0.27871209914045336,0.3188350747994028,0.31221485,0.39804488,0.28598672
0.2822166668433928,0.32286613788838936,0.32255876,0.37873018,0.28571513
0.2675105097478046,0.2978104237316847,0.27435645,0.36394006,0.28912005
0.2867100605599126,0.2976671508536076,0.26617387,0.35985082,0.27769008
0.3315362788061848,0.38413792809193237,0.30294722,0.35314816,0.29166472
0.38782934428296156,0.42136815562051905,0.40349382,0.34116662,0.36806604
0.407476265230235,0.4042617496605714,0.4169724,0.37727505,0.37219393
0.3979722586755388,0.39564430819704804,0.43460405,0.37843353,0.36801934
0.39506738239155864,0.38864707883053873,0.38645115,0.344198,0.36215904
0.34242262205016366,0.34668270294670167,0.38574803,0.31608832,0.35056373
0.3413148002933321,0.34713769500134367,0.37634844,0.32602495,0.3434149
0.3587866406323505,0.35210083383683116,0.35776237,0.29603797,0.32103777
0.37959440124186444,0.35280531579964625,0.32238737,0.24104103,0.31241527
0.3880419208370297,0.3620198420998045,0.360129,0.21411586,0.33090428
0.3929101427292506,0.36689221981682213,0.36240906,0.22086695,0.33582553
0.3828592943501931,0.36420746222881867,0.36166704,0.18864709,0.32352966
0.38401205509351416,0.36739744598075885,0.38633212,0.14109483,0.30658686
0.3808861867149247,0.3695436786638217,0.40126944,0.11999465,0.28172928
0.37457554117395747,0.3671465203246342,0.40749988,0.11625507,0.2555941
0.37361229840362237,0.38101296661043005,0.40741438,0.13525248,0.24647951
0.3662832041463704,0.34316625458156974,0.3513842,0.12133632,0.16597037
0.27716633265386265,0.27207738823599276,0.31694308,0.115338504,0.1268807
0.29535231576319954,0.29620970513314215,0.34019333,0.11432563,0.20670688
0.134040541698246,0.11189234293921232,0.16340706,0.055934615,0.082212575
0.0571778754092688,0.0774139133397125,0.10574124,0.06237024,0.034963038
0.05765150203092244,0.06959374678276128,0.08695617,0.052912585,0.03692111
0.09814809297960463,0.1091701426106038,0.10794071,0.06495652,0.08993818
0.03834440061069892,0.06823715298478386,0.07270955,0.045476273,0.032417033
0.024535676758414556,0.04329905290180819,0.04847596,0.040808644,0.039075736
0.024820795271947343,0.04120875967642741,0.059008997,0.023752231,0.02401891
0.02483661648816464,0.03953167976199278,0.031823505,0.027785154,0.024497068
0.025238037771975547,0.02493618153055719,0.050048336,0.028678622,0.02349741
0.02900618020466258,0.017104343667642612,0.03828914,0.029514397,0.02543611
0.030168871285822227,0.01920711677749077,0.0207212,0.055382866,0.026539609
0.025666557096328813,0.031333375347337405,0.030052483,0.060275238,0.02551167
0.025230632096299367,0.02480212624895727,0.02863593,0.052891836,0.0287347
0.02370842912322354,0.025767770866939505,0.039692137,0.048644084,0.029269658
0.028542147299225832,0.04158581168695152,0.03560013,0.04530342,0.028961197
0.024531300677333178,0.03364019966526809,0.034104276,0.028744183,0.02677406
0.030330786285833147,0.05287097502932885,0.05797615,0.03500008,0.028776277
0.06686752878830184,0.04983221787431574,0.05400116,0.044796765,0.032705132
0.05345164236847643,0.06820812619763794,0.0719215,0.039496884,0.032086693
0.04183382034066442,0.04487196244496259,0.043670584,0.03191587,0.032550827
0.04897289169249815,0.07390852407091739,0.06573711,0.044571158,0.04218588
0.044406451084081526,0.04486120141582592,0.083833806,0.05105507,0.056652408
0.052045910476489564,0.06441509137542398,0.105957106,0.059083648,0.075953335
0.10392435169621107,0.1423143614592128,0.108197965,0.09052466,0.1354858
0.24767861521943757,0.195134072988013,0.2432523,0.10612843,0.17733273
0.208583380081661,0.21066555223275663,0.25759962,0.1081408,0.13743995
0.24529247285441158,0.20199686106351783,0.23509376,0.11129877,0.1642154
0.24358681109753963,0.240091072036501,0.19132714,0.16266836,0.22934532
0.1485199841316568,0.1675007879300522,0.14590198,0.109816015,0.08348033
0.14504487082061113,0.18837827264322257,0.1293793,0.15001951,0.1314011
0.16462345757869076,0.20045779925554752,0.14751315,0.15761687,0.12880982
0.17940383974185153,0.21532440577163767,0.14517206,0.22255097,0.16828857
0.18020870203920325,0.16897254087611902,0.13385373,0.27309477,0.20348532
0.19046085014800407,0.17784629545040517,0.17382653,0.24786173,0.2033416
0.176179509538931,0.15781538722698907,0.17846504,0.21639836,0.17073178
0.1730053359576355,0.16181044485848023,0.17052694,0.15257211,0.13895325
0.17403455656581313,0.1738289518534951,0.19071683,0.1986046,0.17978805
0.19052935264800872,0.1888034158237396,0.23175034,0.20955433,0.23584636
0.20088366541897856,0.17111318277932147,0.2290138,0.17134029,0.21753639
0.21319257163602656,0.20822735052353059,0.1968093,0.14303313,0.22937673
0.17154170514672573,0.16726867575856796,0.14486153,0.12244918,0.06628934
0.14294738149614505,0.11369613473037987,0.15144604,0.10099235,0.055656977
0.1597737498756603,0.14774565278089832,0.15558553,0.07364187,0.0501356
0.09694584885790172,0.11790185213411697,0.13985804,0.05373929,0.03561867
0.10132344473657591,0.13278714363495492,0.09632506,0.05432855,0.038827457
0.07279122777518861,0.09873950868770791,0.065331675,0.058749508,0.040431798
0.053804085206338136,0.10804748886827212,0.116284736,0.06004861,0.053696312
0.05950342588239889,0.12384816197594029,0.14739485,0.07115932,0.060905337
0.1463383394017797,0.13349187371940793,0.19086492,0.0725562,0.08435181
0.1447435944692395,0.11860310793619219,0.14097115,0.066433996,0.08271518
0.13330451852252065,0.11036726591294736,0.16048732,0.056381214,0.067389205
0.13340264372522992,0.11423241532350738,0.09944622,0.05729864,0.09535016
0.13234683000894232,0.11764067733589353,0.11533311,0.07630162,0.12219863
0.12961329413037923,0.11784016084427751,0.11104424,0.09000455,0.14492711
0.13382981656309662,0.1238843682077086,0.10622489,0.08767216,0.14213061
0.11559199372402654,0.10638169417377423,0.09446539,0.068565205,0.10228652
0.09995793912837554,0.0890832418602943,0.08029339,0.062294334,0.06763863
0.09113071034399532,0.08368047071936235,0.08372171,0.06668495,0.05762628
0.08359459378943207,0.09120094300501179,0.07975127,0.06807216,0.06855692
0.07977360176214683,0.06907412105705081,0.06636795,0.07226917,0.04376624
0.06625470912609831,0.06213711347467937,0.0655432,0.05109791,0.032530624
0.0954202796686095,0.07986503075191029,0.06399061,0.05544764,0.029093556
0.13943995250942165,0.08989631724521722,0.061275404,0.079513945,0.03481673
0.18922965656683982,0.1728881514341944,0.14813589,0.10276227,0.07058252
0.19908930386480322,0.16271410848159515,0.24101286,0.10856122,0.057889592
0.14110909082034526,0.17854652460103043,0.17791523,0.095543325,0.069349445
0.15173808683457696,0.15771548715702652,0.2008701,0.066887096,0.07333915
0.08320209297859477,0.09239871182012573,0.07165278,0.051400363,0.033191957
0.08610999885716955,0.07836675333202262,0.09558242,0.05243522,0.030172318
0.09040916189800059,0.07207260206935232,0.056095377,0.051524516,0.030726079
0.08839599628975649,0.07547338853292089,0.039313138,0.052213207,0.033086054
0.08803194000594809,0.10309231299825727,0.071446024,0.055401225,0.035736907
0.09128505135751926,0.09758161312067842,0.058585707,0.054184712,0.030440189
0.06138985345009389,0.05487501177339175,0.038865846,0.041465636,0.025592422
0.044235278989475345,0.044205623871848024,0.056511283,0.03120145,0.02190043
0.04377478061106587,0.04252513150439411,0.03882374,0.028417386,0.023344323
0.0380094620971628,0.0365305539059664,0.035940185,0.024139958,0.02462535
0.028578839055985062,0.023554609968344378,0.020610858,0.022636138,0.023941532
0.03318550594818821,0.02539708239138638,0.029075138,0.02179581,0.023276296
0.030856084326409187,0.02702643056739101,0.021970665,0.022253996,0.023259126
0.033246266150895015,0.027650507044012642,0.018561214,0.025350839,0.022889342
0.024965205947632785,0.02467456452861016,0.023784768,0.014433809,0.019742552
0.027487175136992375,0.02183714315006128,0.023830902,0.010980904,0.018408708
0.02547804898820797,0.024316239318019302,0.019395337,0.0048642457,0.017314062
0.027203403109946168,0.028481516261614284,0.02224942,0.004123494,0.017336529
0.023532039393481887,0.02396861754083006,0.016866863,0.0074216686,0.017524745
0.0242544293935307,0.02406656833766263,0.04087081,0.013658062,0.018112767
0.02494618682600988,0.03763121200771323,0.029804742,0.03103035,0.026543148
0.06497016101790341,0.06327559886980098,0.07352154,0.057943728,0.05645918
0.14826970595596417,0.12771552784138707,0.115758084,0.10119476,0.115487784
0.20670166521666897,0.22612551450117838,0.19404495,0.23446386,0.20619652
0.24185051677309807,0.26009846153445465,0.21960168,0.3115583,0.2541007
0.24899497407087806,0.2537790778920984,0.3035651,0.32925075,0.2609834
0.22557048528551163,0.25079959468142343,0.26404482,0.29282314,0.24493387
0.19137864899941748,0.21397792582922415,0.25020897,0.25688556,0.20240816
0.23822375542150173,0.27982274554047704,0.28346792,0.29294991,0.23186424
0.2808144694784334,0.29083503035016306,0.30879176,0.30346113,0.25155574
0.3282831674546137,0.329559051540862,0.311334,0.33934647,0.36911342
0.4118653062440448,0.4006864924380149,0.41258085,0.4745164,0.3995491
0.4155294325956437,0.3935569344610629,0.41766956,0.5125871,0.41206315
0.4064818849598973,0.41026230459394347,0.41568482,0.47508347,0.28058648
0.3333654806982004,0.3518082798169601,0.33908027,0.3898006,0.41339368
0.46150874820685883,0.4303706997978749,0.41041285,0.30853772,0.37316474
0.46112348476088644,0.4520134019586609,0.41841534,0.3115741,0.36959365
0.45348284719280285,0.383608391508063,0.39314103,0.24773516,0.35356566
0.45013783813852287,0.368321085030516,0.40377963,0.2764032,0.35527897
0.43089587300208765,0.42461856330358205,0.39620242,0.21024752,0.33581516
0.4312188614480556,0.42243076705441623,0.4307975,0.1678322,0.3410944
0.30861773231814993,0.3578456849593674,0.33517405,0.21286266,0.30828577
0.27874609792423954,0.27097871138685603,0.28702435,0.2950226,0.29532474
0.21712262906872437,0.1869914944308358,0.21771574,0.16258442,0.18076979
0.23932602292157618,0.1870273103838091,0.16786632,0.18672691,0.17511219
0.23535944204292972,0.11256042093878706,0.16781558,0.18670903,0.13126773
0.21220627028460853,0.12638007541598587,0.16146307,0.14045437,0.13372321
0.17344715183604376,0.14238944944333867,0.1656376,0.10734403,0.0701733
0.12840919858975736,0.11316505650867295,0.19858703,0.081372425,0.054394666
0.11710965230521006,0.08362361913650042,0.093905576,0.072783835,0.046616357
0.09752180845253522,0.08790854703265501,0.09817435,0.07070132,0.04437075
0.09076480264126788,0.0699110729875161,0.085771054,0.06770583,0.042003118
0.10421098500704128,0.08002126849555324,0.06214891,0.080940075,0.037188195
0.11222560919677198,0.09719462654405106,0.11557768,0.07418793,0.04564963
0.14480586946924365,0.14255432253833877,0.11337151,0.08232054,0.04323605
0.19054988656692903,0.19445850038290563,0.22184685,0.09659564,0.058192912
0.16924880697089506,0.20735352359175627,0.21181262,0.07935937,0.0602886
0.15008948244257364,0.1341027950706604,0.1230307,0.07043829,0.04760551
0.12125666237305792,0.12805864803049166,0.115951814,0.06605798,0.03944978
0.11925527852157133,0.11514700316824435,0.060581617,0.06893119,0.046302304
0.08946662135739636,0.09124052793287221,0.10490418,0.06527334,0.040998336
0.06218226074744474,0.07038535319106792,0.051377732,0.046204034,0.031202555
0.053034736490069935,0.045428843489045155,0.048533764,0.041134916,0.02925398
0.041418429259555314,0.05079804384977191,0.058384925,0.039654665,0.028824827
0.04581841047606883,0.0425588560091419,0.038370628,0.041914366,0.031340685
0.04474290439491505,0.044733008508123145,0.047523048,0.047901466,0.029456563
0.06375865980160532,0.04402328691438314,0.051995117,0.04411092,0.032782454
0.06388152669350544,0.06133312359066819,0.06429997,0.04440237,0.037446626
0.02081112682573048,0.02350114988500537,0.022540614,0.023758566,0.021842841
0.01858050364990409,0.019822789558330625,0.02017978,0.013259187,0.017873485
0.02396358831242998,0.022685451399959294,0.026447278,0.007602159,0.016005836
0.01938603919049905,0.020295621197179415,0.02833904,0.005353622,0.0155939795
0.015880966555127083,0.015133641130278257,0.013371076,0.005686626,0.017853837
0.019565121893213844,0.01861878710422738,0.026086554,0.011937179,0.02064531
0.029990293515539876,0.02719357562214963,0.031577557,0.017834503,0.021659723
0.038402131218810955,0.03446170679160619,0.019067975,0.023345679,0.023756351
0.03765230655659813,0.03162880043120606,0.024518333,0.024439566,0.02290171
0.05167697317916736,0.05747225649293448,0.038002748,0.033423908,0.02380591
0.05921073338237913,0.04720181352541588,0.049132835,0.041650005,0.025739934
0.07291459959952126,0.09851104497194611,0.081181474,0.048023835,0.030475443
0.06233003763934662,0.045462952906338394,0.0693611,0.04889383,0.028333548
0.0389944169620942,0.06177763481999864,0.050681233,0.034351498,0.033592176
0.072076243450816,0.05345617537843551,0.06778064,0.03421662,0.030613367
0.09678645852005313,0.10861548266157366,0.09458995,0.06721882,0.059202176
0.08643467041124556,0.11069209173770694,0.09307275,0.06689001,0.0539202
0.09690932541195334,0.11997051836545877,0.104424015,0.06593095,0.09363579
0.08371241135700759,0.08284863554572389,0.058985863,0.05985273,0.06466018
0.06535828574765938,0.0561437770557132,0.05378985,0.033162393,0.033896737
0.059450744598611535,0.06492078765085851,0.057584792,0.03910262,0.039984442
0.09132258466833262,0.11913132790555814,0.08971549,0.041453738,0.049658004
0.08829702953299302,0.13295140526867158,0.07653953,0.07563025,0.0654303
0.1341021434550069,0.1940511716842753,0.2079737,0.13559584,0.14910609
0.21488375866316783,0.2591939493296033,0.27963006,0.1570794,0.22539853
0.2480908083951414,0.28897935182939677,0.28117,0.15551871,0.21584252
0.25256669778733576,0.2841485654575092,0.29177698,0.11774762,0.15788706
0.2612272988690018,0.28901300806186536,0.3302013,0.14749667,0.13026486
0.2550120855577711,0.2853738885749844,0.30790073,0.114865795,0.13204221
0.24067654886761333,0.25720060786328175,0.3244805,0.09459547,0.17078197
0.24605626731392277,0.272533371357849,0.30727437,0.11016131,0.20325796
0.2602081769094737,0.2749598956075652,0.3080619,0.0888229,0.2065826
0.3626754619163969,0.32296793154597714,0.33418077,0.09714392,0.11234424
0.3651011573219662,0.33435198817113115,0.35144648,0.10610381,0.20385152
0.3692134953627844,0.3285798150849987,0.3472311,0.105641805,0.16802135
0.3704865983358435,0.3406755387985858,0.34411946,0.09464799,0.129717
0.3724024802954324,0.3239508794399388,0.34268886,0.091936834,0.11532368
0.369055114889801,0.34050055586718975,0.34438238,0.10573999,0.17086206
0.255738178395658,0.28447076039508595,0.30575576,0.09970641,0.16733754
0.2987607779931596,0.30969929919119127,0.3443638,0.10522668,0.18389153
0.2809969183973648,0.29302607539617637,0.2926152,0.14100307,0.11307536
0.26356345292321387,0.2696884430280466,0.32547837,0.118601985,0.09934367
0.26561970609902835,0.31668454663343426,0.32033658,0.15227239,0.23114073
0.14775534811809155,0.22614931874081037,0.20357327,0.15121217,0.15968736
0.08859982068166217,0.08317367165436683,0.10276483,0.05690334,0.049250927
0.038967150610741005,0.03568925188428632,0.031594068,0.040605377,0.02909837
0.034857673853706604,0.027405297478451926,0.031513438,0.03948511,0.032388538
0.03735035696198312,0.02312282271329349,0.03192606,0.03897901,0.02546914
0.025261937907112307,0.02618650301572883,0.012325958,0.026318565,0.021749122
0.021168618987916808,0.026915457460095445,0.015727255,0.022623837,0.02155192
0.01980361831214888,0.02440778787862033,0.015848521,0.018672042,0.020885456
0.016621870744366336,0.022837747322233197,0.012086534,0.019578822,0.02011966
0.02759910182618914,0.024875686068379588,0.019541716,0.02656019,0.024184464
0.027016409799122707,0.018612469141765647,0.02646263,0.018913057,0.019021671
0.02805320439378738,0.02374014409184094,0.033314545,0.021550957,0.019401167
0.030766374664240967,0.02795063854557463,0.046479028,0.025797842,0.021273743
0.029946027772293653,0.027550560809015943,0.033747554,0.023955012,0.01993135
0.029260329529004064,0.02525838462033166,0.028587833,0.023441497,0.019820299
0.025867520204450503,0.022723799691623574,0.014514555,0.02071885,0.018494446
0.02201555898797403,0.018773661720432162,0.013656489,0.011349618,0.016908549
0.021885959663640934,0.01989496443006094,0.024390768,0.013007574,0.01661019
0.029090840542506137,0.02333202843376126,0.030940516,0.016546875,0.018416386
0.07920555277562197,0.05052767860711988,0.060712196,0.023819009,0.022238629
0.08343823304617823,0.05882040242283015,0.095424786,0.040715627,0.03232898
0.09392820433067083,0.09700241083348406,0.09604799,0.08122969,0.06406458
0.1154039905483381,0.10645245218514732,0.102659285,0.13328835,0.09921713
0.12947140811685612,0.1294339946556417,0.15300414,0.18470778,0.1538827
0.12757252554916032,0.1314614210846601,0.12236668,0.20660596,0.1867117
0.1600149392675686,0.17300165858715075,0.2204392,0.23145442,0.22183864
0.20890721008168292,0.20615995068676973,0.25583875,0.31745666,0.25413224
0.23837001751610598,0.22518551385236893,0.34169534,0.36707526,0.22361258
0.28972854664119785,0.3558574574912577,0.32519338,0.44081718,0.24867408
0.36682701637613696,0.4252720469298238,0.43108758,0.5558968,0.31269056
0.5168070687398745,0.5082997212012536,0.4982129,0.5577621,0.40702328
0.5320768706891044,0.5054162942790251,0.49658015,0.4783666,0.43176797
0.4780617798295986,0.45681603555767397,0.39258656,0.44231588,0.4127729
0.3723821146873232,0.3293959197140053,0.39094573,0.40907985,0.4233057
0.3588408367134351,0.4008145329794829,0.3730032,0.45634967,0.42041376
0.3497114900236293,0.3512767363241463,0.35465032,0.4279757,0.373807
0.30255803819611893,0.3329693095930837,0.33165708,0.32603472,0.26265663
0.3022289905609616,0.280164845411239,0.3118468,0.35964936,0.24626786
0.27763878109984036,0.21122869602887817,0.23482293,0.3719663,0.22091505
0.27385767873472,0.24324505363310095,0.29459888,0.29817343,0.21899885
0.26391959859891345,0.2441191050756962,0.27361095,0.29305643,0.23938495
0.32931238806279145,0.33626456128326154,0.35889718,0.314506,0.22788809
0.3452963608341416,0.33492706134828065,0.40483236,0.27278203,0.32706544
0.32677392441397113,0.38628409402761305,0.38885087,0.23953308,0.30405572
0.3108900965750601,0.34219069170453237,0.34057978,0.1412602,0.21199638
0.25395728170634857,0.2902629130745824,0.3315893,0.08741039,0.09659164
0.23289755981303376,0.29563549704764047,0.40087363,0.10624826,0.07838063
0.2051604431219702,0.2575905016500385,0.32735148,0.12345175,0.080830485
0.12424939690028705,0.1096488098249345,0.19681042,0.085071385,0.048734196
0.04995986628715947,0.04736797246846454,0.03938927,0.05590374,0.05816847
0.029978343447971505,0.027579021711317465,0.033846606,0.028134737,0.025036968
0.029376632299282193,0.028521713471157863,0.031403605,0.026234314,0.023601513
0.025961101015267628,0.029909416091168504,0.019664997,0.026020542,0.022709616
0.025448594596314083,0.036020032300896954,0.03678144,0.027240561,0.022756252
0.029752638650658945,0.040320518816153256,0.04527901,0.027530868,0.021947771
0.020005759595946335,0.018787921166113494,0.016043935,0.010581024,0.01926307
0.02525554209630104,0.014991596841396051,0.031647023,0.0132689625,0.017754663
0.022654971758287477,0.018748935971167998,0.042570066,0.016053077,0.017886207
0.021135293447374012,0.021338622778532487,0.016608678,0.010375347,0.016531486
0.02037284547434952,0.020352551862977086,0.015310865,0.006072063,0.015339512
0.01837280810934951,0.020648843726731436,0.015311611,0.005405642,0.015591394
0.013623413649569156,0.021963107898014207,0.0181899,0.017759293,0.018234227
0.01880149574451361,0.019198312631249003,0.014764497,0.025655178,0.020206824
0.06124241317981368,0.023382828430974643,0.028937444,0.051069796,0.033024997
0.08046165635678794,0.08595519002990033,0.08882362,0.07629522,0.07182048
0.15169550419943895,0.18071642478455077,0.19783136,0.158561,0.17034544
0.2446791482597755,0.28214548851242444,0.31644753,0.17587984,0.22498803
0.2657570477206592,0.27868853022001927,0.33999985,0.1869063,0.22353297
0.26602769150446126,0.2853172248036458,0.34794343,0.15707168,0.19756934
0.21798252900121498,0.22971325541306725,0.3037923,0.13140835,0.18096821
0.21832201190664327,0.18830173299826786,0.2837029,0.119862586,0.10781813
0.19235215872921302,0.2093668160073891,0.3268989,0.14434597,0.18750994
0.1285286992654411,0.17954205239750934,0.19349049,0.12559035,0.14349462
0.12852179852219742,0.18703602979386488,0.1964403,0.12787807,0.15466656
0.1372059631173787,0.17029693099970705,0.1437756,0.13072017,0.14404446
0.09667873960112697,0.09433490521792591,0.10393981,0.07454849,0.054103702
0.05097966148993106,0.04041030447429491,0.048259065,0.046977736,0.03257418
0.041767674192011335,0.030098310391376268,0.03487912,0.047205422,0.028056014
0.03739748398901333,0.03638018881331746,0.035430305,0.03537916,0.030136785
0.03475769723207822,0.04098967296821081,0.029681863,0.029349579,0.028839642
0.03338209297522853,0.05004808426326836,0.043952703,0.03252103,0.032038048
0.027473037028883325,0.0240648688151747,0.017708348,0.024104377,0.02513692
0.0226625457447745,0.019992011438032385,0.025484003,0.024308635,0.024089186
0.025149001353050603,0.0315350672172993,0.021917533,0.026379803,0.023760382
0.02615465844771314,0.0413268945786427,0.035620403,0.025805924,0.022204204
0.02451783581246742,0.021127692310107953,0.020936416,0.018999185,0.019395933
0.026366561758538277,0.022590349043755648,0.025780769,0.014966685,0.018855471
0.0269403333126311,0.023296778447865284,0.026412075,0.018135358,0.019936379
0.026003347028784013,0.02386258775535764,0.034762923,0.01978993,0.020789277
0.023458655879963417,0.015830971376710995,0.014766484,0.013679791,0.018269923
0.01937392081211985,0.016189906985213005,0.016986648,0.009760454,0.016833398
0.019361129190497366,0.019639369426184418,0.02056549,0.009175733,0.015672226
0.016704174730858383,0.014906131262043747,0.013598001,0.010278467,0.015829273
0.013093066284668442,0.0159437822152476,0.014097988,0.009440005,0.015572675
0.010408172230432985,0.01054638921511925,0.0021039168,0.005179301,0.014779285
